"id","endonym","exonym","distance","latitude","longitude","wikipedia","image"
"01","三軒茶屋","Sangen-Jaya","0.0","","","","UklGRpwFAABXRUJQVlA4WAoAAAAQAAAAYwAAYwAAQUxQSOIAAAABgFvbdhPrkitXqKUOVAuUACWMqoEIavFkbiqBJUWM95f0/4iYADwZyDA7uhNFd0xDGeCdyrbriejaWvWaiMftRHYbY/GCLvyJsC/0U6Y8kS7NE6Y/0e7NA12eiJf6jshP1HNxk3huPgaghhP5QQH2RP8A2fBrZLTwW8L0tIPpvAez2wN3+vf/36PdHrh5D+Z0D9Jo4beEsuHXSFh+FlADu0EBSDw3nwCAyLnl4ga6ZFZq3Dc9r97gsSlZlQbP6sIz8oXG8yIeNzbbGAu8rGy7Mllbq/DOQEbZ0XFwxyySAZ4EVlA4IJQEAABwHACdASpkAGQAPpFAnEklo6MhKncKMLASCWoA0uWx/qvarTu6J+Pn5S/Kpan7v+COCtovy4OTP9j57PUp5hH61dIbzAfx3+2/sX7uX+u9Yv959QD+ff7rrSvQA8uL2WP3U/Zb2oIquZeWz5qyw7TrXLf427sXtyLixJatXLCSYDYWSggDAAbmbrjO1neY3FMelbmIvfh0DIBn/DgqlSWn2aQ9lUKF4m9l+k4WJPQc+P/OYZlxc2qFIqYNBShv51E7gnOzCD5dIj0cN55HVA/ZE6pg09sTE5AAZu1SS+M4QRj1g1G+jogu2B8XgAD+8XvL824qWOHyjW+W+7JO8yDnaXg2egfUqlBGGrdsNYht/9VJMJVBvYWnPra91Q2csH11quDCDVNLi8UD/IggeHx4OSF+usvbm69/b7G7XUkfTW+zJ/83bRdWty/BQGjKpfccuiY/2aaQ0LEZBYj2gl9wMiU+XNS15vKXeI6y3ByE8mV4uW+t1HB0BV3NWRCsKA5x4Y5D27PsLg9gnn4XNuxGtF6LVwPxUWQEhz1tfqduWd2W930vSz6M0w7JtilWlw868azEh/+z+hikjVzrudjdE3de2ORAD35BvdNtWnK36jmK3Y68Cp5f7lf7D1v3OUvckFfrAYOUHnk8ap1Wk10oWmQr8sE6ti3gtqmUai0vLV0xXQhJn7OV6FV88rMshU8QVbO9MCN+SH/niCyLRupx7aPLPKGXzdHJxAfel/F+qvJ5hAgk8YLrYKUdOIhqdwcFNW8oAX2yPgNCjF/gsZ+UCbic+lyMZZCrwPfe9sAuRL51e1P7JDWjSXP8Io5c6aKjNzsrgMYEkMYY/v0jcF9tgdgo3dE9MHpL2KQce9gOfpPqsMCTehfFg+VOsnb/EPB5qw94+46FFfxBJegUNkBjKSWzJAx3R9Na2QN9X2JuPgVrgfxfihnGEXZjlR7TtxJMNG/hgVeFbK1jjrTIB7Qo+C4KaBzzZDdQsHeEnrWL9cRBx5WrtvpV6dvZMwm5w2SO7jUSDAuBFh4kg8VZL7/VP0dqttTH1PYe1Q9/ZLHj5uQ/AIJojTv4wD+mdVPzETlHWzSO8AGfHrLSTYqevs1WCa0UWPNxV3jEFU4xsOH+Ts6Mno1Hd2GOkO0+fXPFC1/wbdFXLziha/4L4dfK1Fix58KEwYQMxEKpQ+Gs26LyU9OreTP8kxX3fQch+L+ZsTNB37BUEBBo35RfL1EiAc+xmWl8r9cIlPI05m9ep0dMTQlK07lMHHWpzACdWaKB7JzDgAHBy5C9tqPxx38BA4w3jlZh3TAoO/veRgmsSNveLc2nFO1sGcoWJqzhE/aGfdcUMEcq4SQez7aelm4OiFxxOQNwEwGFr5eAoU3v2iacK2+BHxoAgnefmi7NxbgKn1aXqiFQQNjf91/bMwzB098rWbaQ5gwJDfkqgm6WakhT/hgQr1LdKrgJTsF9JyXHm4jopffaMatPGBq75zwQsFvOdzghJ13FlegAACZRwp0pSrv7+bj6PymdD9//icdexk5qqNhe6Zjv5pv/vYwWY1grnxAAAA=="
"02","西太子堂","Nishi-Taishido","0.3","","","","UklGRmYGAABXRUJQVlA4WAoAAAAQAAAAYwAAYwAAQUxQSOIAAAABgFvbdhPrkitXqKUOVAuUACWMqoEIavFkbiqBJUWM95f0/4iYADwZyDA7uhNFd0xDGeCdyrbriejaWvWaiMftRHYbY/GCLvyJsC/0U6Y8kS7NE6Y/0e7NA12eiJf6jshP1HNxk3huPgaghhP5QQH2RP8A2fBrZLTwW8L0tIPpvAez2wN3+vf/36PdHrh5D+Z0D9Jo4beEsuHXSFh+FlADu0EBSDw3nwCAyLnl4ga6ZFZq3Dc9r97gsSlZlQbP6sIz8oXG8yIeNzbbGAu8rGy7Mllbq/DOQEbZ0XFwxyySAZ4EVlA4IF4FAADQHQCdASpkAGQAPpFCm0ilpCKhKdVbSLASCWwA0fV0fsfaKWQ6l+RH5JfJtYn75+Bt6FND19/rPXb/aPVP5gH629IXzAfy7++/sN7xnpY/unqAfzH/Z9aX6AHlx+yp+6n7Oe0Rmt1m3Gim3oRi5LgH2UTDVuFzgEj/HjTwHX7X3WUj8rX0BtQ/wC2o/lsT2U6jL2ovP+I36/uyZySKVJN9j7Bkoe6+PG/7D/1f9596RsRagML+mfJiA9KQmhDgvZqnKG79zdDUBU2AfAb4woqgdEOmO9pjTVsLq6IFFlUtGpmDlNvHOaZ1QJFyAIBoxouYF5sq8+AAAP7xe8vzbj7n/aOCEvr9yt8YB4KbPM8wDL3mIIr0LBz8bfWgMgjNYY+KQND3P8nvqG+yz4TtHiDe99/M3fMZKpwTyQV/niN8gaD1eSRLXOUEydEP61IO33ecFQVOP6TvD0zlwKLAWoeW1dVC/JaYCfz9m8YIchPa3yU9F7verIPnMGoOnQip+G6NxJqPfRQFHMfzKLj4SjlUVn9ISdhLD7Iaz1/Z476kMzsrz5t2I+Vhy5teYJNMUMOQZz3nkpQlgqs4k/OOdLdYyrmbdvQ9CHSwep4a814UMC7yKQwlyGwnu7iX+pQ5EyfY96mcsPuMYU4cEBC/U+KLhd4Gm5au2Okxtr9vQsh9EG7LAig4ub7tSuQ+bUfJjZ9JbaqXgm+kOM0lL6H2q7AU9LzB+yIb8JDIJliPaMCyrFLPQE7m0mCkwLH2VU6oXU+rbDBa9pDEIlYIPCGHxcFzegEj8Q2pDZp/8iwH0AJbxNMRH85XH88gHdHGP7yMxK4Y7A8+HLB3D6sZXRTJ+fUKivdidY2rzL+CWa7eny7zKGu2c2mC1Lc2IjAYfRtRs30VnN7KOcLG3XNOreAiKvP8yO5MsptrL1MbqpD8MzwbuSD1sdapUHbGDVjxtqDYaOvcjQM1VzJDIAAfshyOwiqSg93jqy+ZuPjgBf8c2f3dehmqIlGZg+PQC0fQV+FQzd3Eb3kzm/u0nrFXgrxAMkC9b7Ij17HuF7KvsSZFUcjNFzeXLzVFdstVbptt9ArEctoxPHVLjqnBEIC0vNkESawfn97SBe5ytHyb6w6is7Ls1P7F++diLqNcWkc4LOQ4hwbqC9vQJFglGuJ+wkff5foPODo1VgCNMEAxKeVTfY1hmg7b4zQx8g7Lc3/t+S5ecRF1cV2Wn6OOLD3O4K7ZmQdTvFIBa8jug2eJA8VniFBSmyhk3y+lgyWncM+2F0SbfR08AJy4bSentS9e2K3YcoT+DII2gY72Pwa3b9X8VW6/u+lQNmY/C9/pKvkLEdh0JV9tz4Vz6lOAjUDCqYMH1dcVAjSHbH+sk7chJpe/Rf+c4Up7YyHxW2MuyqsvIRpOMAJJMsxZpIENdagyUf/4/1ZH4zOb+cwatu7L4w2a+/uH7smoPe014XfTHYaJoTmXedSjVFhOJutoPvuRxkfODiLJwpezB1F0rxPqAL8sZZ9PdXSjPiRKdhMER94EhV70baUYSqmazL+UMeoh3YPO1zTrlDhNYCqPtD6uQzT9uKmUyrGzW0VQx3erRRzijqBnD33QaiSa2KjRbUiDxyoJkSQNNLGKhViye1bRg9RJ+xXxgoQh2WFhiQ51IlxSvBvOJ6pp0Sf4PDUYFi8dZOHrV4vUGUYWIBjq0NZO6XyZO+rpYjPIx80v/DD2HlR74ojb1jIiKmxw6yyN3tfFtsz9Dyhh5vQ8WUQ73CAq0AAABjzLySWh+iM5glrX3+AxQ9H5p6sYWLKPE3O9h5HSAP62rlb03xv/7uDQe0lnGAeAAAA="
"03","若林","Wakabayashi","0.9","","","","UklGRmwGAABXRUJQVlA4WAoAAAAQAAAAYwAAYwAAQUxQSOIAAAABgFvbdhPrkitXqKUOVAuUACWMqoEIavFkbiqBJUWM95f0/4iYADwZyDA7uhNFd0xDGeCdyrbriejaWvWaiMftRHYbY/GCLvyJsC/0U6Y8kS7NE6Y/0e7NA12eiJf6jshP1HNxk3huPgaghhP5QQH2RP8A2fBrZLTwW8L0tIPpvAez2wN3+vf/36PdHrh5D+Z0D9Jo4beEsuHXSFh+FlADu0EBSDw3nwCAyLnl4ga6ZFZq3Dc9r97gsSlZlQbP6sIz8oXG8yIeNzbbGAu8rGy7Mllbq/DOQEbZ0XFwxyySAZ4EVlA4IGQFAADQHgCdASpkAGQAPpFCm0ilpCKhKdiLSLASCWwA0yF9funZ/UJ6p+Sf9E/YD5LK6/dPwZwJ1KeYvyt/rPO56l/MA/XbpC+YD+Nf3n9gPd99KX999QD+ef7HrSvQA8uf2Uv3V/Z72ls1ws640i3WXNphGu1IEUtu7F3OTHauN8lgmDqytCPus/sfQG1D/ASW2ebJtA5s3kWTRVCmi8jx7syNe8GJQyWsUKut0yn85X/YUno59qLn+Ynz+d77Cr1lSb8w+UdBWDISPdsOc7WFZ5r3OT7pRslwuYIs/Xml9DBs5jUnv39mvJCptQp8TUE8JXxLGaLUQ/HpLaJbZjuBuwAA/vF7y/NuVsVOFoA82q2/HmS9brcG/PPXteQNjp3MwX5i3UNN7Rb/j46yNmcQbnHXua/3KiJwAe1wvZveon4RcBkauz/PINgzEEA8k3AKPp6/sNfwPeYqq7cbyYxz067PGZNWTQFyg5OeKJXHu0nN+/Zp2skPz3psv+l8uBGyVQPgyOZG8wfQtKVa5+QnEEcg5rtjLowKzl2ymQuXF0+0KlHNdnu9M+ECKZXVOxHJHjKWvRUSAbMNSRT5oyYPrxvYNL5lgel2saQfsrngQ8moJuCL+FDrHRYX9Rabv5tospIO8P/JQDVK3Y+ZHsUaOsAZ86l24bwgct3GT2ZERAPqatCRN81+vEwzxvQdbXUACbknYnSjrN4sWNdt7OxkTXYuv6JsFAvRTVjcCW+xx6IXyYLMReFDPFyOv4rFDV4mCQqdtcJ/FFQiAe01vxYm2+Wyef/i6iZ5AHn4hjXpUkjW7DPIAx+zyAUr5pjNmREUIWrvIO5XTj3KVNzgA6TGLIsRvJbOsGi60wECbPOkCr0CRW2smUdBBYPUT4VVVK/YsX0rXRPIMGM0SsA4bdvADLzXhiN272/MfyGbztKoe71cpWYjS+shG3hAWhv1dKXuBUvfIYUX2WThKfIbKwhfYqGAmJcMikkq9A10rhcE5PIWvIyupTm29eheSiaefCnI3944ax/hcuFVoR/hl54CmH+rueCwokdl7pTu1241RjYNpghy/Ywp34T0K/+lIrn73vDUIVYf5QrUOPaKbqF8UrFFVXft6wIVuY48LYRy2BX0QKb/Tyx/v2vIBSBJ6cRy0LdBOjTkhY2aZOCRbj79Ns565NOQ5EWuHVDxThHNfxn6u3qMlaWaAFHTqo4T43hF/cNQpstZilJN1vVlWjqr3c46JBbo9VIzB3KaTcT0DG0rA2QpbEgYHNpfkwFQiS07nlYch+7JywMPPkZ2/fkEmFpYFj+I8lJvBxkUiSlMhvo8MCwBXtQcrnjh+/Rf7WhKI05aVXXHmug56K4IzBhRoDpE0qFC8y3byemmGEUXWG39PoEIcggtpSBlN8PoM2oXP8rw6H3SmF1s0ClktyXYw/SbL3+7yg2hSe32nlJQbDK83SgjWMGihRObGGgY2cvjDcNn2/cdl2diraTc4PqEecZDvBG5iBvnCyPryaM08jCDF8V3SIRDDRWZ4WSWVGveiGOIv0MH1EleBUZO0XA1PnjRQlUPv9SPAtryyXn7odkh5n/Sn2H9bSzojLkWGfWGI8T2jXbPXv7Ia85/DYbzcqWqPG3STEcB9qYm3U28jqGq0tBxE8X3P9a0sZKolEAZl7TjxhJ/l1F5EKYKsfmdI1FXTqYFtI/fTAAXiGErMX0F+chzXOfKLwXIGWiYEfDLB4qnL3U/8MAT+P03gpCFy7xt+F+2/qHOwPi8R59Dyp3e/Q8VxEYOzK6hGoAN3Rc9ENQjIDv8D3F6P2K133k/ibh9hbeO/bYJ5tYZf/u35XVPVvz5AAA="
"04","松陰神社前","Shoin-Jinjamae","1.4","","","","UklGRiIGAABXRUJQVlA4WAoAAAAQAAAAYwAAYwAAQUxQSOIAAAABgFvbdhPrkitXqKUOVAuUACWMqoEIavFkbiqBJUWM95f0/4iYADwZyDA7uhNFd0xDGeCdyrbriejaWvWaiMftRHYbY/GCLvyJsC/0U6Y8kS7NE6Y/0e7NA12eiJf6jshP1HNxk3huPgaghhP5QQH2RP8A2fBrZLTwW8L0tIPpvAez2wN3+vf/36PdHrh5D+Z0D9Jo4beEsuHXSFh+FlADu0EBSDw3nwCAyLnl4ga6ZFZq3Dc9r97gsSlZlQbP6sIz8oXG8yIeNzbbGAu8rGy7Mllbq/DOQEbZ0XFwxyySAZ4EVlA4IBoFAACQHgCdASpkAGQAPpFCnEilpCMhKTbbMLASCWwGcA1l1ifxnagRn55+Qf5RfJPXP79+D/XN0dxlevj9Z94Hzj/uvqR8wD9aekB5gP1y/YD3dP9z+oHvG9AD+Yf7vrT/QL8uT9nPhd/db9qvaRvFg/TUZwAyxWEGmZZ5UgRRW7vGvzPpKiN8NgmEYn+1JH08ns+35h3eZ1SSzkTurqiZtESS88oZK2es5UQpK/aWGDhbsaKiHJ7LeBP/82tg2SyuxS1Uu5v9EWr/sX6N66w+Rd0GQsfbU6KvQ35JZlcMjrSN971vI/J47NPGDDDhU94J+nz5NrUGZcJbRK/B0coAAP7xe8v5tuAJu2yH8O4manevZnuQcOjjmZedYTpp6DNwABhO4KXrG3aONmcE1wIUlDJf3ogy1sqh4SLrs8E0WH+eFSEYx+8V+SXz3k1yyHp3C2GZtZZVKvak1pk77eZmHpNmAvP+yLTXyPEekn2eJa6dGbjweR3FnkeQtlCueLNus79kJDZaObyNVQyVxiYm/8NVTXZfHg84JmqeCj8BfZ6uD87ap6h6p7EbGUOq1L9KBMv4RHqENUk1geYAwNQNEgyDEGMOfT4/uJnU78Cz/8tZePFoQSDzbA0mMhlNqeo/3maQ4LR2GdG+2FceE/Vz2tiVeBsMlb/6yyZL2ioy0AIzGG05IYgu1ndV1AwMHS6HbtLhZXiQaZ/WKz6hk2xMc8+9tzVhMmTSgytzVl+DlnqQrNrTiYWJIj9dPMva8UKvwmwpiqaptKiPf2k7r/XPKaSa2L7H/S4UsP4EDmhiTjQ5e8ltVCE8VKRAvc4rAWfIBEa/uaVovJNc2wOeVZHAb0K/fkHogVxAiR0uvUTSjTMTbei2ZTSw6khybMYhxioN4aWS1cAzK39KnIxkHV4f3igISnc8LG4Gku18D7ihDs7nMIfro8bxLAnBNxW9mRyAHMp0hYqHvrsOFeqNMYwGnAhJmsJmyxeM/g3vKm76TMUfbMIH1lcduKxO75QkKwAsEVAKw9vQizPKe9DLVEzXqGgJjSn4JmhXZkkXbz2jkA7Ok1aMQ/tbn9Jk/mx2gDwsfz8QQo49sYWBID2SpCnUvi4LtZUYa1yHsUefOZPWhBPW1TszWKEwaZ07Gj6zBGhNvuF8siyx1WKS2Oz93i1UjK4GEsGmTlgdTwpDshZ8Ts6M73/wHuKkykh+YhQA8twGii9QddLSlpssfKfo/uSFCkG8B5KZpF3bPrQiDo5hqSbfLG5GkZuC6RU6yBiQJybFh6QuCCYL/VM3YKG0Do5bcye8dMNKHaTJ1PZzdyhG5OwYh6ItEFDen0sGul84g1yrUdCWJDX3J1nBElqNv80u+GKcSBi/35yLyxEQla6P2ytMVqBhyd6EI2sI6qz7uVBymtNqZVkuS8BZnWhj4+1R1RP7MHAiyX1bn53yPXX9c+4vd9rjWkl99Xsv0n5MYXMLWhr8NxnukpZFFLmBAEWsNMiTUUtiFo9GSfoHRAKxF2Vira9vBMtQBiMs3dyRtXv8+0Im6Tv9v1uVaSfw/t4CNAg8PnXNbH3XYu1pTAwbmHfa6HUuQMRZuGC3m4umYlGutZIvS/uwUqf3pUUwtN/2jgvbu4JUF3DH5iH/hkyFStOPmV4rLZ0LJWzo1yANWnUiHod5nC29DuUD5NBXoNHgAAatitLQ/RGciZnbU7F6PvI7abnXxNofYXOT1wWnmdOsj//dwTgDTwL/tAAA"
"05","世田谷","Setagaya","1.8","","","","UklGRkYGAABXRUJQVlA4WAoAAAAQAAAAYwAAYwAAQUxQSOIAAAABgFvbdhPrkitXqKUOVAuUACWMqoEIavFkbiqBJUWM95f0/4iYADwZyDA7uhNFd0xDGeCdyrbriejaWvWaiMftRHYbY/GCLvyJsC/0U6Y8kS7NE6Y/0e7NA12eiJf6jshP1HNxk3huPgaghhP5QQH2RP8A2fBrZLTwW8L0tIPpvAez2wN3+vf/36PdHrh5D+Z0D9Jo4beEsuHXSFh+FlADu0EBSDw3nwCAyLnl4ga6ZFZq3Dc9r97gsSlZlQbP6sIz8oXG8yIeNzbbGAu8rGy7Mllbq/DOQEbZ0XFwxyySAZ4EVlA4ID4FAADwHgCdASpkAGQAPpFAnEilpCMhKJibiLASCWwA1BFlfwHZ0Rn6l+PH5OfJFXf7l+D98dNP2Ufs/Pn6nf0J/sPcA/WbpFeYD+Sf3L9d/dz9KH+A9QD+ff8LrTPQN8uP2WP3P/Zf2mYrqZb2chmqvrYjqauKPn/4AKIc9oUYmJC88mbJiLQ9E9c/MO7zOqgR6/7duV+k6L3H5abTlapupoaCvnKoUKBH8UlJk24/fMjBP/3UAamvpOJt7qO3GbsM+gqXHjY0JsCWJdybk3bFLMbZ8K7Nl9iCfW4cd9UR6MuWtwIBEE7RMNK4UgtQoVcZZcrHg8wmTMHITvzpGpCTY4wAAP7xe8v5t3OaQyz+0rzA1b8PKKC0s4kaTR7aL39CDqnyjTrXkU6/ob4UDRYLiOsVNM5uo4ksc5hIoQKnfrlZs3+eRsfX3/eI/JPPAJEj90hM6PspacLu3l7flnK72eMyasmgLlB0se9olk+xQzPYN0/vfn3dQmc6kokpFI0DflnITyQfJHs5BhjnltIVrcFtRbXl09d6Bajfuhu8eT7PhRhCYon3XNuxGwoTrpfVkkGX4SPPXgYqn553ZZXS2clO91xD1bKxHYSiDrfGYKo1fv1ySsLsv5UU1aq07IAdP/P7HaAMReqA+Jv5L4tGJ4EdMteBoinWPAkuE7QtXgSyb48gVK67HpCmYlAV2if4wKADTz+M6V0XRKymxuk1TaTWPdidy16vAYU7fB9gx+rrpJMGqOI8VDr/Ee4LUa/fc2kC59niNFlTyVFSai/GOHin9bD/xF/JMMu9+gIwBy58sMvZMKph/VXbnYXXxPXhj7mVnHgG/RKbFBoWfCTvmYQOo66CZ0vP009GP+TLFCte7HdWLNXDEUxQiQmFOic0rGciaGIhRgQWhEqw1BUgBF3KC9UfLsYp4F1WDFd0JM6aTKPLkPVXpZV1lAt3zLre8VeQCv02mgVrh471G5iLLzSkjDlTPwMzs/fhiQY9F8zPMxWcZ7sfuCsSpo/Fyw9Qpv/KSi1Vf3y4DSng1dn5QUHXG5OtdYkN7kaUkZpfC0EQdx8GXOjNblzwB6Anx+X1LDEIR1P/BNzjx9bdMh/rQsm9V8CSwDhZ8sT1vCSvUBbPdCKIxYGrlMlKZfYlJ+gJRv3MEZssWcXhL3ixlIXTE9DnsFuX5spyvYNjW3yYWRiiAEOwsArkhkCK7fvL6+vkJKp230dQqCr+6RFfZoZ7TO1/kNZmGsmypbTalOYO8oJjlYjxAHSFJvvHKcxrON9cXP6KgRaDUZ4EY1SLgsa2gtLBxdhPFVn3phWZgbxaDuMjgx97ICiaL9UrGg2nakB4RuGxTeneZMYORCeOTmd+G8L+M3G8G+Ec6YP2oJfrJWbPU8xyx2ozckCcXtQu8Lud0FbeuH+v+A2CzRIcAB7LbXJCzx35pmxh4k1rJfX5vhIVzJ+osEr91WUzNUHGFzgKg9brUfL65hjiegdRGbCmYAtCYhVNGjYqkhucgnW9CPrTypBJX2UhuOMDb9fPm+VHFV+JOIgvXm3O30OqE9imKBsL9kl4qSc/lssOTyFme0cQrfG1Lif1LrN15X5UP1tL+yQlxrs/Ei09ROTGHEhezBgK0gIYr3wPfQMcYmMW+S7b++wEvv+OYrebNfvJLvHQLvnADJ7vb9DM+bG48/wvisckNdhn22jigopz7nPFhRjxe7B+h40UXHoeBz5jr26MogAABizLySWh+iM5Bvvf3SsTo/O/Vjci+Jt32FpzRCjW69yWQf/u4IPJl0P2/4AA"
"06","上町","Kamimachi","2.2","","","","UklGRoYGAABXRUJQVlA4WAoAAAAQAAAAYwAAYwAAQUxQSOIAAAABgFvbdhPrkitXqKUOVAuUACWMqoEIavFkbiqBJUWM95f0/4iYADwZyDA7uhNFd0xDGeCdyrbriejaWvWaiMftRHYbY/GCLvyJsC/0U6Y8kS7NE6Y/0e7NA12eiJf6jshP1HNxk3huPgaghhP5QQH2RP8A2fBrZLTwW8L0tIPpvAez2wN3+vf/36PdHrh5D+Z0D9Jo4beEsuHXSFh+FlADu0EBSDw3nwCAyLnl4ga6ZFZq3Dc9r97gsSlZlQbP6sIz8oXG8yIeNzbbGAu8rGy7Mllbq/DOQEbZ0XFwxyySAZ4EVlA4IH4FAACwHgCdASpkAGQAPpFCm0ilpCKhKnUK6LASCWwA0yF9funaKSd6z+QH8e/Zb5LLC/ffwZumFR+Xfyh/svW7/Zf9p7FfMA/WbpC+YD+Xf3T9nfds9KvoAf0D/RdaJ6AHlxeyr+6v7R+0X//71bPxmM9socGrzWoISiAWXVUbNOTXn7m6b7mQO+lFDGiFKCrzzt+sCPXPPjZTqNZiWAE6lMEznCEui+vHQIW++ya61piNZR/5Boz+tLmJ/N/5rg2A05dns/AnDn6SNCk9Kd8VTjyjveT36uTd8KvWBGl02ls6K0wemEMqlo1MwcqDUc0j/yNhQBA7MwKnMYp0mTz4AAD+8XvL825WfRXcsQKsXyz8noFdNpYXMJ9pLfAXyTlkt8pRX3JQvCDRzeNtao7KwcoMpZrikSZ3WrEGb4cQhp0NRk7+/zwno927nzyY0jZ8wFKYzvfyE95wi9HuPRzddvh6Zy4FFgLUPD0u+tr4U9tcR/ZxfEpV0QtStHse79Nqtd0lKfAJofOSXJCSiyxWpL26cA1lnbZZVdJvlyJQXl58psaL7QYKaM2QmbDvYjOBQcixa+2mwWDLxScGkTPmoAoJFkuE50sNft0ubdO8FIksHqdN2vw8bh4fM7lejEuhlyrDH4Xnj78q3e5J2YeLEJS/S69XujPuvd37e0UdBRLBQjU10T9TCVQQHAWsAaoaAAp5J8HZmjRWM7cL6Q7zDvIsSM8Wyb15+HzSLtTrxSENuoGzDElZR4oblFDV7AEh9af+aYZIsh19Umf/Fc5+G227TpYsE78OX8Q0RwlAaWp1FyAM3Z5AkuRtxtrKzlRFq73sq2kqfUEQz2/KjhSJPXX7YUBrZQUmEXkkxwo/aiXbztNgpTUtzXEHwKMrOwpx3D2MC0EqQLK48V9wZTf6VIC4/mTfYiBblij2rkwAodzwmYVkJURoODgq90EC6gDmPOimlzK/HOP4RBPrVABoshyOwJThg1A5+oSJxVHBEkv9FI3fMfZfniI7XoTKDCpa/C4+RUBV9cWGq9znpw7gqgO3dFDsMGLFcvSOGXjLQvsW9juRH3myRVZOoZ0Sw5RiEsx2K8MpSfvU6Ys9urL5rC19m2HQCPaA8uHLr9cHHpaoS5iXqb/7FbEFzVw8lr+Dbu5ekEp6wcmpUpqx+YRXbmvcUoQ/JRB5nz4hKGkCxYNKhiO/EC97+yFOrbvTbVDLdwat9Qf3DPS63jHECEgFTUztzHYL4jLCFUgD+GDHM9OLVx3O4GoEAITz74Hk4EiKkFdHkqVQibYj+0bkc8zQC6TYJ6DH6GPY1+RX0F0BZAxpZtHnFWACraAnZ4gf6+M14KSXIDP+kGgig7MJSblY1juZ18AhFWKNCILOWJrh99lUfBlRc31ZSmFy0t+/jT/MRHGHfST0ec9xXuES6CE0Ny1n9chQxsGhJkoJghbrc2pI7MdZ9syRHV8EREPvitc24Q18/8ryYQRm4PqQI5xSBoUvJerF6K4PnOp/fwCdS+RBstZYAjCKmrtx8KiqaJna9tVDJtQdBS4WNwzL4MZ/uTQrs7mL5DQ/VuMRiLSdG9AKO6x2JQyHpuretPVpL59aGsQcUjy10KnTbUozX8SLNR8fFgbG5gdXzprIx4mgFJ/4eYVxFNQ2WUOj5qvUQNJXDK3Rqnv5K5sEpj/hp6YCvts5f2YE+BigaEuOThWfmYxQYVnTeKztSHDjk1n1bryco6GEAKEMTmAdV7K/FCq3kOrsGCHB9j5UvN1TzK/DGYJKNPBfU/kgy+Qxcc4XliZfxcCHeh3V9A/odrvBORA8iJoAANpbezHfUgKnkwrv7ymB0fkDKLTIfE217CzRyeUwZxl8FP/3cF/Hjww8qaAAAA=="
"07","宮の坂","Miyanosaka","2.7","","","","UklGRvgFAABXRUJQVlA4WAoAAAAQAAAAYwAAYwAAQUxQSOIAAAABgFvbdhPrkitXqKUOVAuUACWMqoEIavFkbiqBJUWM95f0/4iYADwZyDA7uhNFd0xDGeCdyrbriejaWvWaiMftRHYbY/GCLvyJsC/0U6Y8kS7NE6Y/0e7NA12eiJf6jshP1HNxk3huPgaghhP5QQH2RP8A2fBrZLTwW8L0tIPpvAez2wN3+vf/36PdHrh5D+Z0D9Jo4beEsuHXSFh+FlADu0EBSDw3nwCAyLnl4ga6ZFZq3Dc9r97gsSlZlQbP6sIz8oXG8yIeNzbbGAu8rGy7Mllbq/DOQEbZ0XFwxyySAZ4EVlA4IPAEAACQHACdASpkAGQAPpFAnUklo6MhKJnbGLASCWwRQARNSNf2TUGuofk3/M/2K+VSyv3P78+tXo7jQ9bX6z13/271KeYB+tPSF8wH63/sZ7vX4ze8v0AP5b/pOtE9Bfy4fZc/c/9s/aUaLq2VBr2CVbtT56Ep4O9+CEBLQQI9wMZ5MFP8zkzhuehWqEttGMGv/cAbw1PHa6B1DJd5K359ZCp6G7gi7NnUSIKjyU/8H64HZ0rwyAsY0OxXG5nb5qt6K1S//328ZZVrVM3qr5efS4k2RBrfd1t2m2aGfEGIGFyGTJs+0X/yGA9J2ljYwAAA/vEUmzzFTmerQc036lfQdwIRdxdovGQ0A6lCq6n2MfWKNaDm7Kc6ejpaTgWl1gILyFDsZZKpO79EUakP/zw8PS1/0gvJM4A0DgsSsVhoVn5FzujCCQ2sKfe3yahZRVPV7iD52Zzi1rZ+zzGOVuYPA1iPjAvtLlu2gKERIlrG+Dzukd06lIEkuBYy5tCJ61QllfhTcV9VQGRD/VYTYLv1kZ+99OVhe8ISiiOo/6KSLu50MuzkqnQQBTkxw3FSSr5eRzY8h7RrUkodtKu2QvAIdQw5sUFziCc6D/PWP3gl2b2RgvNzFyTNdui44M8tr8kCRPX9KINklOixhCPcpp8tu2ywtvRWPqDXzqFiN+xE86aqbOzBUyI1rU8UfvTYo2PwBPCzn2/hfsTrMacU2gHML02dqwBOtxR19mV0pBgNlqmjJqXXTV/wOQ8VcXx31OJWX4MNJSiNvQ+BTdxD/W8Vji5fMbMqFwLP6QYx6DRh/OzOkmhDCjszPN+1d+THG+7kx7RDIhu7MtN4LU3HIL0h7lwBZljbQN3zVy7mHITCOd+fLFOANIEGjM/X2RIiEUQshfaW4Hw+IKX1BcRhgFfj5Ypep16XZBAIH0HaB7gxEI6VhPZQyLT8jzaypxDOCXqTMbZqsZuRIGXBkTaxBbaPhM2/It6DJfp/VHsIewVhUq1eoeEYB/0LsMgSsCAtMH9MwNvwXv5ErVtBS+7gcSuoEh2iSpXaMJxqwkA2FRtFhnizbvA0SXCy61wfM0vbGeeLsD8OHOmQPf1UeEhukPqwsPG5YuMHazcABj6Y9/YdkVqTMGRvP7Ps1mXG6gELkre/JRn8ntI3PXmXeZxWrkHVdcBAcYfT/A2DzBczXZX3JyBeEUc+4kMhGeb8ku5CzMnYQSj/GRZrjOPjOlsppGMZ0x4UMgqvxk58qfPQPJIQLcyC0t9a/KEAJr6XWIA3d6VEVsrN82mmDCLYrE4zOHl41mBXHPKKCkVC/N96EAoqYnMD8B1iLH1ni5YRdkyjRoH+VduaticpFA3gs5/1C7uVjvS1HD6DdgSyW9rdUM0hyspDwhPyADpDLzliguYjlJQzlFMrpTaS4C510o1zieqTAGQZu5i2XRFquP1XA1MHKoAWTa+KH2JWQPZzDNoMHzO+kMhg8bj+q1lpo0Abwzgnpxz4Jp1YFtbzhWgTGgjEtcnEITLG2RnqZNu8N97Eb/8+G7FwJ8sTaIvZ1ZAaXhWMCL5WfHQJ4qTeuktVxgP+GVAMMZhwq6jYYq+cw+lec5PqdDqydYdaP85/JsjXOfnP3agFwxAIAgZivUCg16mifLk9/e3sXD8kJTUvj4m4HYvCajMyIKpFfx/+0OtsZAH/GgAA"
"08","山下","Yamashita","3.4","","","","UklGRpoGAABXRUJQVlA4WAoAAAAQAAAAYwAAYwAAQUxQSOIAAAABgFvbdhPrkitXqKUOVAuUACWMqoEIavFkbiqBJUWM95f0/4iYADwZyDA7uhNFd0xDGeCdyrbriejaWvWaiMftRHYbY/GCLvyJsC/0U6Y8kS7NE6Y/0e7NA12eiJf6jshP1HNxk3huPgaghhP5QQH2RP8A2fBrZLTwW8L0tIPpvAez2wN3+vf/36PdHrh5D+Z0D9Jo4beEsuHXSFh+FlADu0EBSDw3nwCAyLnl4ga6ZFZq3Dc9r97gsSlZlQbP6sIz8oXG8yIeNzbbGAu8rGy7Mllbq/DOQEbZ0XFwxyySAZ4EVlA4IJIFAAAwIACdASpkAGQAPpFAm0glpCKhKxh7ALASCWwIcAGSZvr907P6U3YfyM/lv7JfJZXX8D+Et1CMl10/r/Wr/gPUX5gn68dIDzAfyb+/ftB7uXpU/Y72AP5f/tetJ9ADy5/28+FT90/2q9pbNb7PWNWuFl5aYpwNi7YNsGawo80HsXsMBFl+8VoSZmGMcYA2of4Cks45uRQYKLt9TtUwLnij6ys4qhfXj7HEPN7sW1OZbhd38l/6w4JSzwmoiZLDWcQZDYmo5Sf7XX7sr+7myNGRz6/cFDvdNFTj/uzxL4ahobTVt3RcoP0lfMpS6upXA75IJKadCPVp/QbsyEZzHA9B+TpGU8bxu+WoAAD+Os7Pm3FWtgBEYGxh7wh6TFvxOeFf/vOFTJriaFg6D2Qti7hX2D/whQNFgyRfJhtTZ+ClUotDWuy2c9GtFm1EKjya/niu5Bljb/km3brFVnTJjvCH57g6KSPprcpQZ6vDP7WTQFyg+eaNTPXe3PYc/7OasoZM8XuRYf6vyy0IoVzifWU3goxYNP9b5e+ykXp2QrW8vmLW9+Mq58J1GmwNVDJUdnu9MtngqpHm3YjWG5fXC3EH6IUF2kmp1HKnyqVrbpOz73S+yzAGWs4EBStm+QZLQd4WWbzUFiSYvXZdWU+RmMRRS5v74kkRzvozCCaW16UY38AKVDO89C11Z/DLESjM2dgfyqzJXeYwtEW0rlYc7tMhvsaaRku6tsbeH2R3RBsfOCoOmqyo6oL2YIKuRk8aUcE3SWm/isUNXiS1BBqSnROWQ+jIj4Fq6z94Cma/rQ3ZUhZX/EMIGaz/eS5pwFJ4WgsVyZ+HNmaNXFuECFfzKlCwi44DwuBEu56besif76FQ/pgIE6eenzUrKo9h+mz2MWweRn+fYZ7ntl6UuCO/ns0KeylPB7J5tTJo9rZ/mILv8kmIby1pUVzzOnYD5D+P/5oGGNb+oMLMVVq1BVeCuWmSg9aNpqMgUTVhq7Nwj7rDr3TPKTG85tYeN3X0ADXnu4MRO8WhPONo85sttXwwZkN4Q7Ot4LH7ojcjzxxGdOkIMJHl4B78oqyjOpjDGrZp6nGu8Pg/lGc5D3iLRpgGXn5gERhSeAWXXgJKpwnbtlGeIOGrfLb02XvdqE0C/SNFYKmWkw9tu06NzlXJzhEVq/A+Ot1aLnKP01PqxOpB5PeNpAocNQJ2O9fDcQu4h3o2wFXaAQjq3oXOWpi1PwciDlL+JoEOe2ewE7UGLPGVOe0cU66KKN4pFMC4JQgwGEGC4wap66Um7+9W9hWyzw7psnR12Jxeo4PJIb9U3LbV+gem9hlHZ7wTSeQSgUOUXyEtEleUdjarUDI9P9hKqrlBYHFte9hwy3HpGeGKcTH7KAycVKGetl0+tLRrGMKVRKvuDG4QPhuCty+is86k3+RB+aRwWk2lPOJ42ttBvUtOI5B7rOEhu8OywriXfY7ZAYK7ydYiK8OO0fkD96V36MYdkmJM05ltPVHsOPFJWt7VVeAoobvX4UrBndTIkR2OZNNanbaw5r3S7chYT8VK1oILdPH+RoPoeLZNZJVeXlgxjTDOvz2NjiEKu9ZupNlBe4ApkKdmGaIlVVF/Q5Pjq04duZH1ZJ9JlBaqevV0nALayyMtjMLcNSKa8WePUFUxbV1pHZKlU2Vhhgjo+FkScP2RDP2ZqiQjgqw/KSyhvFaCnVRlveJvGz6ZyC53mOmEk4E6oETbDKfQdO2TJHmuaWTWleiKr1A6FDplxJYStDivGCTqVSlnXHtv+wB4lSD8W+/8X5euPkVRVNzxtfIpdJZjw2YgZmKdU+h3x6gvodxoZLc8SG3wAAUtAh2f/10TJr7/bR2X0fnHYiKRcJ48MfYVo4kJHWiJ35j//LGfGGkcY5eEAAAA"
"09","松原","Matsubara","4.2","","","","UklGRoAGAABXRUJQVlA4WAoAAAAQAAAAYwAAYwAAQUxQSOIAAAABgFvbdhPrkitXqKUOVAuUACWMqoEIavFkbiqBJUWM95f0/4iYADwZyDA7uhNFd0xDGeCdyrbriejaWvWaiMftRHYbY/GCLvyJsC/0U6Y8kS7NE6Y/0e7NA12eiJf6jshP1HNxk3huPgaghhP5QQH2RP8A2fBrZLTwW8L0tIPpvAez2wN3+vf/36PdHrh5D+Z0D9Jo4beEsuHXSFh+FlADu0EBSDw3nwCAyLnl4ga6ZFZq3Dc9r97gsSlZlQbP6sIz8oXG8yIeNzbbGAu8rGy7Mllbq/DOQEbZ0XFwxyySAZ4EVlA4IHgFAABQHwCdASpkAGQAPpFCm0ilpCKhKdiLSLASCWwGcA1W10fsfZ0Va6z+RP8i/Xb5QLD/b/vxwJpgOuP9L943zk/qX+v9iPmAfrd0ifMJ/Lv7h+wHvI+lf+4+oB/Nv931pHoAeXH7Kv7q/tV7QH//vWFACZC2qRtCulclwD7KJhq3C5wCR/jxp4Dr9r7rKR+bfkP9zN1pqPmOeECkoYOfseOwV4o+szOKoX149V5VjFcK1qPuFsQS/6v+8+9OHAHzE+fx5TVbjEXr4p34/AwfUPW9DUBU2AfAbuOWJSanTu3+zJS3SdFALHUKHnD21CUhafGj3uY0hTEJvIG08Kl/MeTa4vZAAP7xe8vzbQbkusoPfzSPhv0RnYj8b4iL/aNXmAtknLI0atHb0UsAIC417Kjd0bRJQRRSylY9l3jjGbTniWSsq4YWRTd/54QFjst2Xkw7cwLeuI2W9NA7kcPPR7j0jVk/4emcuBRYC1D8dvxVt4Iv3x6/ZquU2H7wO8sRikFv6zVarlNz0F99RP4UFFeDWMdkdvqMq+dCzsewrcCeydgFRyCC+0EQstQ4BsnPsR/qc+vO7QjFhgBn4pJieEwrOCOtup+d66oGYrZNLzrypEYIrb3KNpewnGkQQSTP4RAzSMZEf7abAv8q4QzeVoYIb78oSfEAUXPtTc1x8eTmIAAKT6DoIToixPuiy5VU/b9SwnlhGU2VkNp4HvqG8+oSlbC75mLv7CQAQmK5V45cTqAkZDJk/uOtQDt8yfyrgdP4RszqM9IWO+IQaew3MnZ/5ZaFj6eL+bLviGfiHE93VRVuRsGYC/3uZjtZ3cbays5URa3YbKTEdn6glQmrrZr/DJR8LS71ZMUe7E6yFT1uubi+q3zJR2pctV1RbwEKiDFtlmllagfG4Fn7eNlK+lK+D35Og/mQeyaIZ6TbicqGBTaeMRMr+LJ7dZzmfUffj15WijzTZELSre7JPdAAJmNTh4vvPPzNnLyI/EPoK9Xh4cZt9pyltaOHJRhjsoHEQ/8LIKiKHvvxq68i+9xjpzXtAM+OuFwGvqw+5OOTM2G5UhjIterT7bFMLFoUA7um/SormJIEC3nfH05/NAwEsdcD7NujI+A1oNDMXyHnZytWmSqkxPd9RVwO1n8RFhtWOPTeMjFfJxKAg/myxesYXTbl4izn4x3lBeORWdVHySYHt3V1Odc2966IBo2dZIEXGxKO8Fmx9YrpIZa9vfuX6Mx9NKLMdX/itJ6/d++546HoFfIgd+6lGWRCEqP4oVyyBw/PttRln8gO6T/uaihSDcFAJspa2e6pK7RvS69S3DSK5BaLQGMxO0dmIfrxYH7auYuCCaL/1JWSGSQwPWpa1FP+2lINmjsZ2tVHvnzxZKBs7fnspu2Fi3CN7nLRqdRWEKubFfUkwHsHir1+EdgdXXS7rRwGKTruN0qY0jc3Y8Gk9OYjXz09D1piwYSnd+v7rQ+olUz7Z3FyQRxRG0LIF+2ydST3zg+ndyIYBu6mqPvxiI61zmnRkQPet4ke3Dv6GI2h5WLhhyAwF8D4W1i165cVk3x9GBOdb5frK0R/H9SzEM8rkXq+9bKxkA64UvmaqMwtAM6gHehM2OsNMDlQh5icjl/aXHa1p9biPuKFgRrz4iHdBPDku/N6L5HM7LKb3Piq8kxnYwxDzGFJTZoqU7/57vwAQE9pIjxYDsH/lasaeOikh3xx1kFoQ83y9umbW8mHwuRAe//ihGWGQC/VgELS65p7fDBCQPQYKxf+Hr7GVTflr7mUeXizrB+h2+QmnodnUS8hwKEX4AAcNUxgIB31ICp6G3/b/gTo/McWAAScPE3S9jCvAdWrHzN4af/u4KnZBjIBvAAAAA=="
"0a","下高井戸","Shimo-takaido","5.0","","","","UklGRrgFAABXRUJQVlA4WAoAAAAQAAAAYwAAYwAAQUxQSOIAAAABgFvbdhPrkitXqKUOVAuUACWMqoEIavFkbiqBJUWM95f0/4iYADwZyDA7uhNFd0xDGeCdyrbriejaWvWaiMftRHYbY/GCLvyJsC/0U6Y8kS7NE6Y/0e7NA12eiJf6jshP1HNxk3huPgaghhP5QQH2RP8A2fBrZLTwW8L0tIPpvAez2wN3+vf/36PdHrh5D+Z0D9Jo4beEsuHXSFh+FlADu0EBSDw3nwCAyLnl4ga6ZFZq3Dc9r97gsSlZlQbP6sIz8oXG8yIeNzbbGAu8rGy7Mllbq/DOQEbZ0XFwxyySAZ4EVlA4ILAEAADwGwCdASpkAGQAPpFCnEklpCMhJzdLyLASCWwRQARV0Yf3bs0qJdf/Ij8d/ltsX9u+/PFzGt7Fv3vnm9SPmAfqv+rnWG8wH8c/vv7Ae7R6P/QA/bvrNPQA8uX9wPhY/cv9h/aUaLq2WW3p0mU6AfX8a0qvYlbO8CseNPFK2zZMXipKqIh7H/l2oXAqQA8RBNF5TgyHkA0n38r7mZ5ZCScmva66RGzqH1cLu+fXgw/YJ1/eSyn9DjBo4ykhE7oO1Y54/b10vZQ+d59ZiOQa74gbHxefxqyS4WL6iwE4ItjfMzqF5vROTB4AAP7xe8vzbycqgLHCdFPnZLv08OfhmZwj613ovfsIOqHZOiHg178ctm8ba1O5wkqPR2CqM4QitWILKbbdezUnS/nhSEtLn+lD5Jnnn/O9XpbHsDxMpXOUIWsV7Ky76fAFzIvgNkj7yUkaQ10qgH7NWXJj84rt8cUNCFd7SIJr3gNq0Aa7P24NV3y4joApIQ/VeN+7NWupm2W0xP+3YdtL9VhZdCy2uPyunJmYywie42+TKDUPHRVHrR3tlvx6GxyMZDJ+Vx3H24rigryMq33a/HFONZY6PL7/M+fTRsJ9YR4ve06pvZDkXO8MXESRpU8LDvUGmh9vpsk0OLweHROQtW9xVfu/KPLG1f3GFuSbcEdeKZV74vviPbbVO5VUjqLUL/DmXm72ifaflGAbkCoQMVStCy25Qs3XUKRz52T/Gva9iGbkJnaBXJv4ll4ddOHrB5JefiIKqUP/PoRpnwNfRuEykDXRKTtyoa4dq/H71uDEyfI145tea2KGw8oDX2Wmi9pett9ZyVRzm8kg3tNNjAtHn+KOw+vBATNTL5nwx+k/+w67EMtBA7GO52Bc7K37rwf8Xq8SkY+MlKmrobgkjDEtsgPaCATEkU71RNQPpaFgbLwFqBSyCOShPqbBOxvtzYYs+z5HXYIwbf87sGWf/Wq54fxCYymlai14ll73JwGHDDnjbcAT0lcv46JWl/NJ6AaQ64MUoAMeJcahtuDPq68YpYMcMhZU6IsF8F59ODh6NRnHcM20y3GDkT3IFaMPhtQtNgB2VdxF5YLt6pFCq1XDV/+wniph7tPZfFcx6RZxEFdL7wP6pb7seuPUzyti4kfhT0g7THbSoChyNK4wrJP2g8xU8m96EdN2NT09P4stkTZrQIPaWeFwmyus4BHIvOge3EAEU2RJ2bXgcqametarxUdCI30HbUwCj6S6q9XdcxWZtwWDnTNA3krDByBt03ygwGW6JMi0QCGvXbdTMP11rJHIaVWzIa0Kvz+/IjZI3fKSSpnh5nS75q+tSt979VeItoT7LEmqtGBEM3DKOgWVleFOhT4Ki8FogFd6vHcScpsoqRNrVlx5x2+kofBtbnQ13ut/fs0jNM6Vl1jxxjztPewo9YzezX341vXjgq46jZe5nH0vc0TzEV1A7b+UnoVUzVz9iyDtZc9gkGD2i+Kgf4YHxoFZieGBIKosbhpK85yfWENifQWCz85+AJj+c+UiIOxOvkgsAAFlVMqKDXqZTuZ798xhw/I7Qt7rnvibZdhdisVrwki0PMh/+8UgQID7ESIAAAA="
